"section","order","title"
"2021-03",28,"March committee meeting (8 Mar 2021)"
"2020-09",27,"September committee meeting (14 Sep 2020)"
"2020-07",26,"July committee meeting (13 Jul 2020)"
"2020-06",25,"June committee meeting (8 Jun 2020)"
"2020-05",24,"May committee meeting (11 May 2020)"
"2020-04",23,"April committee meeting (21 Apr 2020)"
"2020-03",22,"March committee meeting (16 Mar 2020)"
"2020-02",21,"February committee meeting (10 Feb 2020)"
"2020-01",20,"January committee meeting (13 Jan 2020)"
"AGM2019",19,"AGM 2019"
"2019-09",18,"September committee meeting (9 Sep 2019)"
"2019-06",17,"June committee meeting (17 Jun 2019)"
"2019-05",16,"May committee meeting (13 May 2019)"
"2019-04",15,"April committee meeting (8 Apr 2019)"
"2019-02",14,"February committee meeting (11 Feb 2019)"
"2018-11",13,"November committee meeting (12 Nov 2018)"
"2018-10",12,"October committee meeting (8 Oct 2018)"
"AGM2018",11,"AGM 2018"
"2018-07",10,"July committee meeting (XX July 2018)"
"2018-06",9,"June committee meeting (25 May 2018)"
"2018-05",8,"May committee meeting (21 May 2018)"
"2018-04",8,"April committee meeting (16 Apr 2018)"
"2018-03",7,"March committee meeting (12 Mar 2018)"
"2018-02",6,"February committee meeting (12 Feb 2018)"
"2018-01",5,"January committee meeting (15 Jan 2018)"
"2017-11",4,"November committee meeting (13 Nov 2017)"
"2017-10",3,"October committee meeting (9 Oct 2017)"
"AGM2017",2,"AGM 2017"
"2017-09",1,"September committee meeting (11 Sep 2017)"
